ZIP,CASES,DEATHS

11201,263694,23969

36578,6694,69

36027,1033,9

36793,843,14

35952,1942,25

36830,649,17

36037,1013,40

36254,4621,61

36855,1352,44

35960,745,14

36793,1893,32

36922,392,12

36482,1353,17

35082,749,12

36268,573,8

36318,1795,11

35582,2041,32

36768,561,13

36080,205,3

36477,1755,29

36046,609,30

35670,2508,24

36350,1772,51

36759,1872,27

35771,3461,29

36080,3227,53

36503,1730,30

36271,4312,51

35559,584,13

35582,2061,31

36313,916,7

36740,346,16

36738,777,30

36350,719,6

36350,4180,34

35771,2175,15

35229,23443,377

35552,506,5

35617,2313,42

35643,861,32

36865,6550,65

35652,2893,30

36761,714,28

36830,537,20

35813,9394,96

36904,1025,22

35543,1097,29

35964,4411,50

36590,16934,315

36768,648,10

36057,10298,197

35670,4182,35

36793,593,6

35555,860,18

36005,1344,13

36274,829,16

36870,1953,3

35143,7436,63

35906,2999,42

36922,473,21

35082,2674,35

36861,1330,87

35478,10414,140

35038,2823,92

36558,749,12

36723,570,12

35540,937,13

99583,15,0

99546,97,0

99530,7411,42

99641,389,1

99613,76,0

99743,26,0

99569,50,0

99705,2065,13

99827,12,0

99811,517,2

99663,905,1

99928,80,0

99644,97,0

99647,5,0

99694,1155,2

99659,129,0

99791,246,0

99751,235,0

99833,15,0

99926,34,0

99835,74,0

99840,8,0

99731,72,0

99574,161,1

99929,19,0

99724,111,2

85936,3885,169

85609,2150,73

86016,5090,147

85553,1863,70

85530,1151,28

85922,102,2

85344,613,17

85287,154902,3541

86433,4272,230

86030,6307,238

85341,27575,636

85739,11743,217

85611,2981,65

85362,2913,88

85336,13646,354

72003,668,16

71676,537,11

72659,658,9

72711,8098,118

72682,1032,32

71660,369,8

71766,49,0

72613,992,15

71676,1049,22

71923,495,5

72425,482,13

72545,455,15

71660,233,13

71740,696,20

72157,344,3

72479,4472,43

72947,2018,25

72384,2367,51

72387,579,22

71923,179,5

71630,410,7

71658,429,7

72032,3320,31

72947,522,3

72566,319,9

71968,2448,64

72132,360,4

72425,1466,17

71859,547,5

71913,2203,36

71859,578,14

72553,1457,47

72577,556,2

72075,750,6

72152,4160,102

72854,1013,8

71845,170,3

72458,808,17

72311,1110,18

71643,2306,17

71822,447,38

72826,592,3

72064,1723,26

72776,426,6

72672,151,2

71839,1419,16

72313,2267,68

72036,212,1

71935,182,8

71860,299,14

72648,306,20

71726,377,9

72016,137,0

72069,741,16

71950,266,1

72479,1039,18

71932,354,5

72679,2707,37

72064,207,4

72164,11830,209

72425,640,24

72122,2790,29

72833,213,1

72679,198,1

72906,4820,92

71823,1341,16

72577,358,10

72322,1750,10

72663,398,21

71758,1120,49

72679,209,3

72701,11392,150

72137,1452,32

72074,116,0

72833,1339,31

94666,23412,461

95223,3,0

95642,329,16

95966,3087,52

95257,342,18

95987,551,6

94528,18640,242

95531,180,1

95721,1328,4

93750,30858,436

95920,652,3

95553,567,10

92283,12882,335

92389,226,15

93389,33928,416

93242,8246,83

95493,695,15

96123,766,1

90090,300614,7000

93653,5020,74

94914,7097,128

93653,78,2

95469,1136,21

93665,9531,155

96110,28,0

96133,180,2

93932,11419,91

94562,1963,15

95959,623,8

92899,60583,1447

95736,4178,57

96103,63,0

92881,66732,1295

95680,25600,491

95023,1442,15

92357,62774,1072

92161,55004,870

94146,12155,140

95230,21729,489

93475,4174,32

94060,11149,159

93199,9820,122

95106,24313,389

95064,2808,25

96013,1889,30

96126,6,0

96057,205,0

94534,7389,76

95439,9402,136

95230,18436,397

95668,1865,12

96075,880,8

96010,27,0

93207,17590,288

95346,275,4

93099,14300,165

95776,3207,59

95918,1323,10

80260,13724,256

81146,307,9

80165,12534,397

81147,66,0

81087,30,0

81054,15,0

80314,5509,85

80603,930,41

81228,393,20

80802,15,0

80444,70,1

81148,66,0

81138,36,1

81033,91,1

81069,20,0

81416,201,3

80291,17882,459

81320,3,0

80134,3940,64

80426,1426,10

80997,10031,196

80830,215,3

80816,669,1

81650,1153,5

80403,28,0

80468,149,1

81224,306,7

81130,3,0

81069,33,2

80480,9,0

80470,8333,307

81021,4,0

80815,130,3

81328,354,2

81228,133,0

80539,4013,56

81064,70,1

80818,24,0

80722,1213,12

81643,1357,11

81130,21,0

81625,62,1

81334,200,5

81422,463,13

80742,854,48

81059,138,6

81427,38,2

80449,92,1

80746,48,0

81642,278,2

81041,172,0

81019,1982,41

81650,28,0

81144,121,3

80428,204,8

81131,135,2

81433,11,0

81430,102,0

80744,40,1

80498,679,4

80863,220,4

80740,96,0

80623,6004,159

80807,213,1

06491,22893,1431

06199,17516,1469

06758,2192,143

06481,1937,196

06408,16594,1126

06376,3660,138

06075,1724,68

06233,1394,17

19961,3447,120

19809,12776,339

19969,7854,226

20420,16812,642

32658,10114,74

32063,1752,19

32402,6667,132

32026,1222,15

32954,11083,366

33302,83962,1521

32442,702,14

34269,3553,157

34429,3178,130

32065,5966,117

34138,14135,253

32094,4214,71

34269,1654,29

32359,886,11

32238,34462,513

32559,13328,269

32137,2085,37

32328,755,4

32333,3052,55

32643,604,18

33960,597,6

32465,935,15

32096,901,9

33865,1582,16

34142,2199,43

34611,3629,165

33960,2576,113

33587,47080,759

32452,886,12

32970,3737,125

32442,3102,84

32337,661,9

32066,1273,16

34737,8479,225

33911,22886,506

32316,12059,112

32644,1124,12

32360,533,11

32340,1075,24

34215,13023,327

34489,10706,347

34997,5296,164

33039,182522,3615

33037,2199,25

32097,2441,50

32567,6188,130

34973,1724,38

32831,45241,545

33896,13978,197

33459,50814,1562

33574,10637,236

33784,25244,816

33877,22634,614

32112,2355,50

32565,5876,86

34274,9429,333

32747,10094,237

32080,6326,80

34948,8922,329

33521,2855,84

32094,2976,77

32347,1453,16

32054,1121,43

32739,12520,316

32355,1306,11

32567,2368,29

32463,1222,24

31510,1245,36

31635,541,6

31510,704,16

39837,105,6

31087,2390,64

30554,565,8

30666,2718,50

30121,3862,94

31783,930,33

31794,583,13

31210,6733,194

31065,633,27

31553,641,13

31626,594,27

31324,1340,14

30461,3475,33

30816,1058,12

30233,850,44

39813,281,9

31547,1448,18

30451,567,24

30182,4087,75

30726,1429,22

31553,725,10

31412,9449,186

31995,1765,1

30747,969,29

30146,7652,102

30609,6702,47

39851,131,3

30237,8628,175

31649,481,12

30156,23727,454

31512,2475,60

31756,2457,39

30917,4830,64

31637,634,16

30264,3843,63

31050,212,6

31010,808,23

30757,359,6

30641,936,11

39901,22012,397

39897,1415,34

31023,889,16

31070,421,18

31705,3470,191

30106,4412,72

39837,590,35

31649,257,2

31329,1832,28

30662,839,9

30477,1267,37

30427,509,7

30513,850,28

30290,2414,57

30162,4084,59

30004,5055,53

30662,951,18

30388,32990,619

30513,1100,23

30820,58,2

31525,3789,104

30732,2457,45

39829,897,25

30669,623,25

30099,32228,442

30535,1888,77

30567,10762,173

31087,422,44

30153,808,10

31829,886,25

30662,595,16

30263,270,6

30233,6741,112

31098,3849,94

31749,377,8

30599,2475,40

31038,358,4

31510,891,23

30823,888,33

30822,474,32

30477,491,22

31038,670,16

30256,511,20

31649,360,7

31065,2263,86

31764,822,29

31301,1259,25

30668,248,7

31301,294,4

31641,5182,85

30597,1053,15

31030,279,10

30647,862,11

31824,220,9

30828,746,15

31327,317,7

31830,696,16

39837,342,2

31730,895,45

31004,855,53

30474,416,10

30641,662,6

30724,1041,9

31829,6530,174

30233,3121,95

30621,1119,30

30669,453,13

30153,3613,60

31030,845,26

30175,806,10

31510,1051,24

30256,589,11

30153,1824,28

31023,391,23

31061,846,27

39867,54,1

30552,428,11

39851,355,29

30813,8232,182

30281,2213,40

31058,142,2

30449,481,11

39861,408,11

30248,1843,62

30577,1275,41

31821,577,16

31764,1130,68

31831,196,8

30669,28,0

30438,979,14

31039,282,12

31544,612,24

39885,377,32

31626,1721,69

31794,2098,63

30474,1526,56

30546,436,13

30474,353,11

31833,3441,106

31783,380,24

31020,221,10

30546,889,25

30256,1267,70

30740,1874,43

30019,2599,68

31510,2298,63

30819,184,5

31087,832,13

31598,1366,33

39877,55,2

30428,409,16

30554,1007,23

30740,5409,64

31750,315,25

30660,311,6

31065,379,17

31781,666,32

96785,1242,28

96762,12939,165

96752,62,0

96790,615,18

83735,16460,167

83654,57,2

83206,2440,13

83276,67,1

83833,170,3

83262,1579,19

83320,862,7

83602,77,2

83841,487,2

83449,4461,29

83853,137,1

83213,93,0

83327,41,0

83606,9854,108

83276,264,4

83312,1358,8

83435,40,0

83537,141,0

83251,93,1

83716,529,4

83263,353,2

83421,474,4

83616,424,6

83352,550,6

83533,361,1

83435,976,3

83347,1075,8

83833,4031,47

83537,929,0

83229,220,0

83536,79,3

83347,186,1

83441,2582,3

83347,1188,8

83537,815,24

83243,49,0

83302,391,5

83661,1116,10

83212,364,2

83874,263,20

83436,285,2

83302,3914,47

83635,117,1

83661,448,8

62325,1924,20

62988,124,1

62246,507,9

61016,1878,25

62378,111,0

61322,913,16

62013,66,0

61014,419,11

62622,463,11

61803,6172,29

62517,825,30

62477,310,17

62434,314,13

62293,1789,26

62474,1935,39

60179,177465,5433

62442,651,6

62467,294,6

62512,264,6

60129,2476,42

61942,684,9

60199,23099,607

61940,157,10

62476,109,0

62467,1183,4

62854,685,24

60962,198,14

62856,986,9

61543,527,1

62954,107,2

62044,295,15

60450,977,7

62935,126,2

62358,314,4

62982,54,0

61425,129,0

61414,853,7

60922,495,19

62902,1548,26

62434,264,10

62877,907,48

62063,475,21

61041,512,7

62923,362,0

60539,16903,347

60913,3481,80

60554,2714,30

61402,1317,16

61371,2426,63

60086,20815,511

62417,336,8

61310,740,2

60962,646,10

62643,599,4

62532,3160,52

62023,816,11

62273,7289,154

62870,1028,19

61760,157,3

62633,309,1

62953,155,2

61416,771,20

60180,6606,126

61709,4209,34

62675,186,1

61442,270,6

62279,925,30

62690,615,15

62611,934,25

61928,415,4

61043,1231,7

61641,4638,73

62238,447,16

61875,254,0

62352,358,6

62928,42,1

62941,240,1

61340,92,0

62238,1283,15

62419,335,16

61273,4197,100

62946,567,9

62716,4067,64

62367,90,1

62628,107,0

61928,691,12

62293,8967,220

61434,86,3

61060,1018,7

61571,2687,57

62923,787,25

61870,1741,10

62460,228,5

61474,506,8

62255,310,2

62843,486,12

62862,270,4

61251,1512,27

60475,18621,427

62902,1888,59

61016,10340,184

61760,656,15

46733,561,8

46854,8682,242

47226,1494,62

47995,113,0

47369,249,4

46071,1310,53

47201,147,3

46979,343,13

46942,2301,25

47177,3080,70

47833,461,7

47930,928,20

47513,164,2

47449,925,36

46788,762,12

47031,1038,30

47244,557,42

47305,3120,76

47513,1464,26

46507,9363,142

47322,885,19

47146,1880,71

47918,330,3

47035,393,26

46975,380,5

47649,946,12

46070,1735,42

47449,583,41

46050,6433,124

46239,1264,47

47120,813,26

46103,3454,151

46186,1343,31

46979,1702,69

46702,448,5

47201,1214,19

47995,690,6

47369,347,7

47227,366,5

47227,390,15

46259,3327,139

47557,819,10

46502,2030,28

46771,832,16

46574,2396,61

46406,14496,376

47467,970,40

46051,2525,107

46213,26227,846

46513,1474,28

47449,206,0

46911,675,5

46151,3361,42

47965,633,23

47456,1016,43

47943,238,12

46795,1233,36

47017,133,7

47513,426,27

47833,216,2

47862,269,4

47513,380,15

47584,357,18

46393,3486,52

47612,776,7

46996,180,3

47456,783,16

47382,431,10

47031,484,8

46104,292,4

47230,560,15

47234,1418,40

47532,420,6

46635,9628,176

46996,445,9

46795,665,8

47866,462,14

47020,100,0

47918,3970,16

46979,289,26

47325,141,0

47703,6175,62

47847,273,1

47851,2760,41

46911,448,9

47918,92,1

47537,2052,67

47120,387,3

47335,1809,32

46781,481,13

47995,623,16

46818,483,6

50837,170,1

50837,81,0

52140,371,9

52594,227,3

50058,148,1

52354,590,2

50643,5626,98

50031,723,9

50658,677,9

52218,454,4

51033,2261,12

50660,383,2

50551,309,4

50058,1156,12

50274,390,3

52777,474,6

50402,1377,26

51058,403,2

52171,361,1

50174,352,3

51058,535,4

52050,423,3

52751,1492,26

51436,1361,14

50266,3463,44

52594,178,4

50144,150,0

52050,780,13

52660,1396,10

51363,741,7

52004,5211,57

50531,430,19

52166,381,4

50658,437,11

50431,381,18

51645,206,1

50059,187,0

50643,311,5

50058,395,15

50130,475,4

50430,320,4

50227,477,7

51558,658,15

52654,1067,5

52171,270,9

50430,325,3

51018,193,2

52251,410,9

52075,633,3

50242,1112,34

52557,239,1

52243,5862,30

52312,447,4

50255,161,1

50430,469,0

52649,956,10

52219,5591,132

52327,523,15

52569,205,6

51241,553,7

50174,362,3

50027,697,24

50116,1018,10

50106,2020,36

51645,405,3

50454,281,1

51558,245,1

52594,259,11

51645,178,7

52769,1477,58

51058,684,14

51232,285,1

51645,406,0

50597,314,2

51045,1667,28

50597,226,2

50947,19024,288

51570,3247,44

50027,459,11

50835,88,2

51436,399,4

52805,4566,39

51570,373,2

51232,2447,16

50124,4010,18

50612,948,37

50836,243,2

50174,231,4

52651,180,2

52537,1530,62

50321,1261,7

52654,662,11

50165,121,3

50557,1844,15

50436,497,19

52171,477,9

51030,7247,97

50434,145,0

50101,727,1

66716,112,1

66015,188,0

66060,512,5

67065,51,0

67567,723,7

66716,303,3

66550,220,5

67012,1470,4

66865,107,3

67360,27,0

66782,676,8

67731,120,5

67831,68,1

67487,101,3

66938,133,1

66871,161,9

67127,20,0

67019,527,10

66780,1446,10

67635,97,1

67482,304,3

66532,200,0

66044,2839,18

67552,69,0

67352,15,0

67520,1372,18

67454,231,0

67835,2948,18

67835,3371,10

66064,526,3

67487,554,4

67736,171,11

67672,51,1

67860,429,8

67835,180,0

67762,34,0

66863,89,0

67836,69,0

67150,152,2

67056,572,8

67952,162,1

67835,33,0

66550,319,4

66060,271,4

66942,29,1

66201,14581,192

67860,159,6

67118,137,3

67059,62,0

67354,384,6

67846,24,1

66044,2613,18

67418,22,1

66072,123,1

67761,93,0

66865,1243,40

67428,164,1

66438,73,0

67476,373,6

67864,162,2

66072,539,2

67418,57,0

67333,689,6

66859,60,0

67950,55,2

66550,307,1

66772,239,0

67521,148,9

67654,576,14

66871,163,2

67437,26,0

67418,113,0

67567,431,1

67664,193,9

66427,381,0

67583,123,0

67745,144,0

67583,2095,15

66938,79,1

67554,141,1

67432,2084,11

67639,151,7

67520,101,0

67481,179,4

67442,1087,13

67871,203,1

67278,12004,127

67952,2081,13

66622,3495,82

67753,162,0

67762,218,4

67638,22,0

67583,81,1

67878,97,2

67952,227,1

67118,306,4

67753,331,2

67631,99,3

66507,87,1

67762,40,0

66944,33,0

67863,41,0

66720,114,2

66777,30,0

66105,8376,164

42720,525,23

42120,544,12

40372,245,1

42060,72,1

42746,1183,13

40322,118,1

40940,672,17

41022,2125,25

40374,320,1

41105,662,21

40328,446,0

41061,71,1

41348,127,0

40178,192,2

40299,1398,14

42261,427,16

42408,255,0

42036,956,9

41073,1220,19

42069,103,1

40011,224,5

41146,333,4

42528,320,16

42464,1908,30

40515,519,11

40983,506,6

42717,248,4

42033,162,1

42167,156,0

42376,1952,29

42160,202,12

41164,330,0

40472,267,0

40526,10595,92

41037,179,0

41649,367,4

40003,846,14

42050,234,3

41095,126,8

40461,308,4

41040,248,6

42069,877,30

42261,503,16

42746,347,9

41166,626,11

42368,135,2

42732,1956,16

40964,585,14

41040,261,1

42746,414,1

42406,1295,31

40007,270,2

42066,119,1

42464,1034,43

40445,450,17

40209,23101,384

40356,958,9

41234,298,2

45999,2627,49

41831,337,4

40995,826,9

42784,280,2

40724,1393,7

41264,147,0

41365,118,3

41749,128,1

41810,303,2

41166,280,16

40461,317,19

42083,124,1

42261,787,31

42055,106,4

40461,2303,13

41426,159,0

40328,436,11

42036,466,7

41224,182,3

41096,166,2

42069,1114,12

42638,271,1

42376,197,2

40104,407,4

40322,81,1

40372,358,6

42746,201,2

42167,276,4

40360,456,4

41352,122,0

42464,990,15

40048,856,4

40374,107,2

42376,609,9

40055,1417,26

41010,119,3

41386,91,1

41006,123,0

41367,517,9

41542,821,3

40472,143,0

42518,1018,13

41064,24,1

40445,331,2

41164,341,1

42528,408,7

41010,1117,18

40003,1468,24

42170,360,9

40013,301,1

42718,539,7

42286,280,12

42232,241,0

40055,86,0

42461,507,6

42170,5208,57

40330,228,2

42518,290,2

42406,309,5

40940,790,6

41365,63,0

40510,375,0

70583,3119,100

70648,1851,59

70725,4075,99

70339,796,24

71333,1708,62

70661,1068,40

71080,595,33

71018,4212,120

71102,10046,394

70616,8366,230

71415,355,3

70632,240,2

71326,464,14

71079,604,25

71326,600,16

71027,1015,35

70803,16039,458

71237,582,6

70789,1801,78

70570,1414,39

71324,1312,47

71467,541,30

70518,3068,95

70788,1472,61

71270,856,23

70096,18645,584

70581,1339,43

71371,496,10

70598,9433,139

70373,3886,128

71270,1658,48

70733,4188,79

71282,893,9

71220,890,26

71450,1470,28

70153,13434,592

71240,6983,163

70082,892,19

70729,1136,41

71303,4680,156

71034,430,24

71232,886,16

71426,984,15

70043,1542,32

70070,1945,63

70744,434,4

70071,839,40

70051,1643,107

71356,3625,135

70521,2215,63

70381,2018,85

70457,7689,270

70456,4983,126

71326,186,2

70356,3865,123

71270,1105,51

70510,2117,70

70639,1116,55

70435,1748,71

71018,1466,40

70729,964,42

71242,373,12

70782,740,25

71410,681,19

04241,849,10

04734,63,1

04104,2494,70

04936,74,1

04635,67,1

04917,315,11

04859,66,1

04864,60,1

04286,162,2

04448,298,6

04448,10,0

04579,82,0

04944,141,8

04921,148,14

04637,44,0

04084,1378,20

21545,646,23

21062,11790,272

21285,20296,665

21251,17523,501

20689,1172,29

21643,736,8

21104,2214,129

21918,1326,36

20616,3138,102

21634,775,10

21718,4708,138

21550,130,1

21013,3545,81

21104,5807,126

21650,342,25

20207,25321,867

20752,32660,854

21658,769,26

21822,410,6

20627,1459,60

21653,643,6

21782,2239,43

21822,2480,50

21822,1205,31

02641,1968,182

01264,765,51

02761,11878,743

02557,75,0

01983,23296,1341

01378,467,72

01139,9723,812

01038,1458,154

01889,31401,2256

02554,154,1

01756,11591,1105

02065,11217,826

02199,27823,1171

01586,16210,1161

48740,52,2

49822,108,1

49314,1265,7

49766,157,14

49611,125,0

48749,95,3

49970,84,4

49035,669,5

48652,1390,62

49630,120,2

49023,2771,80

49094,1681,34

49020,2820,69

49095,985,24

49720,184,4

49765,149,2

49736,135,0

48617,267,11

48831,1091,16

49733,149,5

49864,1178,24

49877,627,20

48827,1131,11

49720,249,4

48411,6659,334

48652,204,2

49959,394,7

49683,775,13

48831,505,16

49281,508,28

49955,919,9

48767,270,5

48895,4590,65

49302,880,9

48743,283,16

49964,438,23

48859,1024,15

48827,3469,87

49077,4762,105

49676,128,4

49317,14200,184

49805,19,0

49402,63,0

48428,1198,45

49630,148,2

49289,1857,23

48143,2064,34

49868,294,0

49774,155,0

48090,18582,1090

49683,146,3

49866,1016,14

49402,243,1

49631,516,5

49892,698,5

48670,1003,14

49657,90,1

48140,1996,34

49336,631,11

48619,27,0

49303,3105,86

49303,622,3

48366,24730,1235

49455,619,6

48661,111,5

49910,96,0

49631,166,0

48636,58,1

49734,256,12

49451,5040,72

49765,62,1

48656,176,5

48663,3792,154

48410,194,7

49840,69,1

48831,711,34

48063,1525,64

49066,1200,17

48767,644,35

49064,1080,18

49240,5877,127

48288,40049,3052

49657,181,4

55783,179,2

55110,8872,150

56569,575,4

56652,901,7

56329,950,9

56276,141,0

56048,2045,7

56083,324,3

55783,444,1

55360,1820,7

56448,377,5

56222,444,3

55079,1040,2

56560,2328,43

56652,114,0

55615,17,0

56118,282,0

56448,1035,22

55150,9897,138

55982,394,0

56385,708,3

56097,235,0

55935,264,0

56020,684,4

55053,597,11

56537,99,4

55488,34290,991

55941,206,1

56435,396,2

55371,561,5

55786,736,17

56127,215,1

55072,215,10

56209,1705,5

56728,42,0

55772,170,4

56212,140,3

55601,123,0

56686,44,1

56044,631,5

56280,184,0

56280,976,6

56516,116,2

56737,126,1

56127,613,17

55395,602,4

56209,331,3

56386,413,15

56382,742,9

55977,1529,17

56149,283,3

56021,739,17

56147,2276,16

56516,117,0

55929,3277,30

56518,873,7

56725,195,1

55783,549,0

56149,351,17

56736,673,4

56385,161,0

55128,14168,361

56736,78,2

56293,281,11

55314,256,11

55052,1648,10

56147,340,4

56751,265,0

56044,3429,34

55377,1711,22

55314,254,3

55782,3026,69

56356,5883,44

55052,761,3

56221,184,1

56244,207,1

56382,826,6

56221,57,0

55981,384,0

56434,239,3

55052,929,9

55090,5986,72

56088,579,4

56553,137,4

55925,1260,19

55395,2541,15

56280,285,6

39120,1089,44

38834,1011,12

39653,425,13

39176,797,26

38659,345,6

38773,2019,77

38965,626,12

39176,493,12

38875,857,26

39769,208,6

39086,538,16

39330,761,51

39776,700,21

38644,1254,37

39668,1381,36

39437,979,27

38672,7134,79

39475,3069,78

39630,246,3

39573,999,19

39461,478,18

38961,1226,39

39522,850,28

39502,5272,84

39225,7987,178

39063,1149,60

39097,449,16

38745,107,4

38870,1148,25

39555,4622,85

39330,691,17

39668,277,10

39656,412,11

39437,2957,84

39326,327,15

38949,2513,43

39475,2271,38

39326,2485,135

39665,525,14

39094,1152,42

38879,3600,80

38941,1687,87

39668,1411,57

39702,1802,62

39071,3837,94

39482,954,43

38659,1453,29

38825,1521,73

39176,552,23

39346,1854,111

39330,869,27

39341,599,17

39762,2028,54

38965,1702,40

39463,1145,60

39464,498,23

39657,1392,56

38820,1479,20

38856,1069,20

38623,420,6

39148,3982,86

39080,1257,29

38748,285,14

39062,1217,49

39114,596,16

39573,477,14

38771,1634,49

38962,845,26

38665,1177,39

38663,913,23

38838,816,41

38664,535,17

38871,1192,25

39657,640,27

39156,1551,56

38776,2592,99

39322,1020,22

39750,376,13

39669,338,20

39341,844,21

38961,549,14

39097,1226,34

63533,550,0

64506,441,8

64482,77,1

65264,896,11

65734,808,9

64755,426,3

64723,250,5

65335,481,5

63781,471,2

65299,5961,16

64506,3838,45

63902,1177,8

64429,171,1

65264,1204,5

65052,1584,33

63744,2779,49

64682,190,3

63941,174,3

64739,2128,30

65607,228,4

64681,60,0

65630,2498,13

63432,113,1

64162,2529,52

64492,495,17

65109,2935,22

65354,609,3

65446,629,8

64756,140,0

65764,349,1

64654,223,4

64494,300,2

65440,251,3

65715,285,11

63852,1118,12

63072,2659,44

65066,257,24

64657,183,10

65899,9599,139

64683,259,10

64636,189,1

64739,377,7

65735,198,3

64451,115,1

65274,245,2

65777,1140,10

65439,99,0

64198,9944,123

64755,3201,41

63047,6022,84

64040,1487,10

63446,64,1

65020,1188,22

65321,831,24

65712,1096,20

63471,198,2

63387,1191,5

64681,160,4

64683,557,7

63437,207,1

63621,494,3

65459,185,0

63471,906,14

65745,1297,14

64645,31,0

65064,865,9

63820,439,6

65064,618,9

65283,161,2

65264,144,1

65354,665,7

63848,770,22

65734,2019,21

64487,1128,11

65690,228,0

65085,484,3

65715,209,1

63826,720,12

63776,809,8

65335,1727,26

65449,830,22

63330,351,8

64092,977,12

65685,1178,19

65459,979,9

63544,56,1

63462,202,0

65243,606,3

64036,273,2

63666,71,1

63939,266,4

65321,951,10

63546,41,0

63432,72,1

63824,1407,20

65548,236,4

63439,108,1

63341,11197,150

64770,120,1

63087,3092,27

63167,29962,870

63150,8368,221

63670,396,1

63841,870,15

65686,689,9

64645,305,1

65630,1714,33

65444,587,3

64790,331,3

63342,748,2

63674,662,18

63951,307,1

65636,1142,13

64499,34,0

65702,586,5

59727,263,1

59035,1338,36

59524,293,3

59752,71,0

59007,232,0

59316,53,0

59463,1732,6

59521,99,0

59351,277,3

59257,32,1

59215,219,4

59722,423,1

59336,59,0

59471,207,2

59919,3084,26

59752,2957,6

59058,34,0

59411,859,10

59046,15,0

59832,63,0

59525,737,19

59752,156,0

59418,14,0

59911,535,2

59633,860,5

59461,28,0

59923,296,3

59745,165,1

59215,61,0

59645,69,4

59866,15,0

59820,2111,10

59015,101,1

59065,245,0

59058,3,0

59544,163,0

59486,146,1

59351,54,5

59728,110,0

59326,32,0

59827,425,4

59217,304,5

59226,903,19

59083,751,21

59848,96,2

59257,66,0

59748,556,0

59015,201,3

59082,74,2

59419,88,0

59461,309,6

59076,22,1

59225,331,4

59085,64,2

59353,41,0

59015,6138,85

68980,839,15

68729,160,1

69366,4,0

69334,4,0

69142,2,0

68882,145,0

69354,234,1

68719,70,0

69221,74,0

68812,1802,15

68020,119,1

68667,264,2

68409,524,4

68730,140,0

69168,145,0

69221,69,4

69131,94,1

68980,163,1

68629,905,7

68038,283,1

68828,219,5

68785,2547,46

69354,242,1

68858,1273,15

69122,8,0

68751,163,2

68057,1604,17

68183,21830,221

69041,21,1

68335,94,1

68929,90,0

69034,36,0

68946,92,3

68357,530,5

69340,20,0

68637,26,0

68976,59,0

69366,4,0

68882,47,0

68980,2645,49

68980,246,13

68969,53,0

69040,21,0

69044,41,0

68742,276,3

69167,21,1

68820,143,5

68377,84,0

68448,101,0

68932,257,0

69122,102,0

68778,9,0

69128,47,0

68729,256,1

68542,8979,43

69025,854,7

69163,10,0

68823,8,0

68758,1450,10

69167,10,0

68640,139,1

69131,108,0

68882,83,0

68448,164,0

68335,91,0

68461,293,1

68380,28,0

69168,44,10

68958,290,1

68729,189,8

68640,1544,7

68662,191,4

69036,207,0

68337,95,2

69217,55,1

68338,914,2

68005,5651,37

68366,661,4

69341,730,8

68330,357,3

69365,128,0

68820,41,3

69354,12,0

68629,74,0

68335,61,0

69142,11,0

68071,324,4

68828,86,1

68142,474,7

68784,318,1

68952,115,0

68622,3,0

68843,467,2

89701,733,8

89496,206,4

89150,79240,1493

89460,400,1

89826,1358,13

89316,11,0

89438,169,4

89310,102,4

89008,45,0

89403,598,12

89427,18,0

89022,678,16

89419,24,0

89508,22,0

89505,12608,195

89301,118,1

03269,224,5

03259,146,2

03448,190,3

03597,39,0

03765,199,1

03468,5389,317

03243,867,27

03859,2551,105

03822,699,14

03754,77,1

08240,5056,264

07602,24891,2058

08554,8321,513

08031,11389,629

08219,1115,100

08362,3986,162

07105,24161,2141

08039,5442,242

07399,22803,1527

07979,1602,126

08611,9209,640

08899,21985,1444

08724,13899,870

07842,9063,834

08738,16600,1065

07502,20695,1261

08072,1165,88

07977,6445,592

07825,1717,197

07078,19849,1368

07833,1575,171

87026,10452,196

88039,9,1

88230,2001,19

87021,913,22

87749,44,1

88112,1548,10

88136,1,0

88024,5883,69

88254,1423,22

88038,186,3

87711,41,1

87743,1,0

88045,118,2

88262,2190,28

88343,369,6

87544,44,0

88031,864,11

87320,4616,261

87750,14,0

88354,1529,13

88112,101,2

87511,488,15

88118,449,7

87415,3756,204

87742,171,0

87013,1949,47

87535,1674,13

87939,104,1

87832,228,10

87556,224,4

87032,143,1

88424,44,2

87023,1009,5

12227,3590,128

14536,287,11

13749,3415,98

14168,462,19

13118,373,3

14722,887,4

14894,1662,15

13843,386,6

12912,242,5

12541,692,48

13087,524,1

12430,169,5

12604,5450,165

14273,12855,649

12989,205,14

12989,80,1

13454,361,28

14001,381,6

12452,495,15

13436,16,1

13475,389,10

13674,203,1

13325,115,5

14423,298,6

13314,559,9

14653,7175,261

12069,262,9

11773,49377,2209

14144,2050,90

13504,2686,127

13041,5337,186

14532,650,29

10922,13490,420

14479,399,55

13083,620,4

13342,393,5

10537,1800,63

12133,1088,42

10931,17760,512

12863,1319,17

12307,1549,48

12031,109,2

14876,119,2

14532,140,2

13678,390,4

14839,970,69

11964,48717,2019

12778,1750,37

13812,589,26

14852,606,0

12412,2500,84

12811,452,30

12819,334,14

14449,471,3

10596,40201,1471

14536,185,5

14415,115,6

27249,5095,76

28689,830,9

28623,294,2

28170,723,9

28615,417,3

28705,608,0

27865,1349,40

27847,724,19

28441,1077,19

28468,2160,41

28792,4032,112

28090,2633,48

28262,4815,91

28667,2431,19

27976,135,3

28532,1113,5

27311,616,5

28090,4302,61

27559,1922,61

28902,769,14

27932,524,10

28909,213,3

28038,3088,83

28439,1671,61

28532,2288,57

28308,6931,98

27958,222,4

27920,367,3

27293,3660,43

27055,753,8

28466,2755,54

27710,8922,102

27834,1961,54

27152,8703,119

27882,1430,31

28086,7243,112

27935,167,3

28771,245,7

27572,1979,50

28580,941,12

27495,11200,205

27891,1383,27

27552,2883,68

28786,706,36

28792,2482,67

27818,852,34

28357,1529,25

27885,175,5

28689,3750,34

28751,1015,7

27528,5638,66

28562,198,15

27505,2066,19

28580,1418,39

28090,2324,16

28744,749,7

28754,218,1

27841,634,16

28749,1304,32

28237,33299,386

28705,211,4

27247,1178,38

28387,2242,40

27882,3308,72

28412,5192,37

27867,556,19

28542,3225,28

27572,3059,58

28537,312,2

27909,858,35

28466,1356,12

27932,244,4

27572,653,10

27833,6102,38

28792,391,11

27370,3707,62

28345,1406,27

28357,5930,95

27311,1932,19

28115,4079,116

28720,1732,59

28466,2702,31

28353,1614,23

28124,2414,60

27025,675,10

27007,1795,29

28771,265,4

28759,409,9

27928,130,3

28110,5856,64

27584,1195,47

27676,21024,270

27842,426,7

27865,246,8

28679,1378,5

28551,4494,79

28656,1689,37

27883,2937,63

28689,996,9

28705,310,0

58650,75,0

58429,351,1

58379,510,9

58642,33,0

58748,262,16

58649,127,2

58746,63,1

58507,6484,76

58005,8794,84

58323,74,1

58415,275,1

58844,54,1

58642,200,5

58464,191,3

58573,277,8

58455,175,2

58621,113,0

58235,3838,18

58533,67,3

58452,85,1

58650,130,2

58561,94,2

58442,201,5

58442,127,0

58744,182,12

58495,167,4

58621,510,4

58778,564,9

58571,462,3

58570,2208,50

58746,506,7

58254,161,3

58571,77,1

58222,206,0

58788,97,1

58355,493,4

58054,179,1

58746,104,2

58008,455,3

58329,350,8

58054,129,2

58758,46,1

58568,250,5

58649,15,0

58630,2317,34

58425,46,0

58442,843,6

58323,93,5

58219,262,3

58233,437,2

58785,2591,35

58451,118,0

58852,1773,15

45657,226,6

45812,2289,74

44638,435,9

44088,760,48

45719,1281,2

45870,1106,18

43928,811,27

45168,410,3

45012,8727,131

44427,221,7

43084,423,3

45505,2631,57

45158,2622,38

45166,506,13

44665,2185,88

43836,344,12

44820,526,8

44195,20452,685

45845,1190,51

43519,505,13

43356,2997,28

44857,1194,54

43150,2842,57

43160,461,10

43069,32468,642

43545,571,15

45678,306,13

44073,898,50

45301,2499,42

43736,365,8

45051,17564,344

45816,1133,27

45812,367,13

43910,86,3

43511,531,17

45612,475,6

43135,212,9

44638,716,11

44857,729,15

45613,492,8

43910,499,4

43843,425,16

44045,2069,59

45678,985,25

43073,2743,67

43324,457,3

44055,2862,89

43610,8549,375

43146,1081,15

44609,3863,287

43356,3456,50

44253,1972,42

45620,214,12

45866,1596,29

45359,2132,58

45789,178,18

45459,10959,190

43731,83,0

43356,387,2

43802,953,4

43713,166,0

43436,610,30

43556,239,2

43782,385,11

43125,3092,46

45646,334,0

44411,1724,68

45330,677,18

45875,1125,27

43019,1430,24

45617,1489,39

43442,740,22

45630,921,9

44845,636,14

45356,964,14

44767,4045,182

44315,6978,269

44403,2380,134

44629,1386,27

43084,799,3

45874,290,5

45692,109,3

45241,4465,66

45787,381,24

44636,1558,71

43543,366,4

43414,2620,82

43316,303,13

74931,795,11

73717,120,0

74533,436,1

73844,88,1

73668,904,11

73772,212,1

74721,1528,11

73001,1146,26

73142,3896,23

73437,846,10

74444,1382,8

74743,453,2

73946,37,0

73159,8331,89

74825,97,0

73567,2390,17

73572,98,3

74301,618,2

74068,1568,37

73654,1085,4

74343,1248,27

73654,92,1

73843,22,0

73743,2415,27

73011,661,6

73011,1612,16

73758,99,1

73673,150,8

73571,69,0

73848,70,1

74943,377,5

74825,398,4

73539,1116,13

73548,78,0

74856,287,4

74602,866,16

73764,552,3

73559,176,3

74578,209,2

74951,1651,22

74864,785,21

73007,849,2

73401,271,1

73726,175,2

73401,271,2

74350,972,13

73031,1316,10

74737,1616,39

74469,506,10

74856,303,2

74469,2327,28

74601,175,3

74301,255,4

74864,543,7

73190,23726,228

74456,1224,8

74060,1377,13

74343,1231,9

74034,331,5

74074,2804,12

74578,1247,20

74825,784,4

74864,2181,14

74521,275,5

73642,89,4

74016,2418,54

74840,784,6

74954,1234,13

73442,711,8

73949,1786,10

73542,148,3

74187,21692,200

74467,1886,29

74003,1316,41

73062,181,0

73717,181,0

73852,1245,5

97840,120,3

97326,442,6

97036,3139,66

97121,243,0

97064,266,1

97449,246,0

97756,109,2

97464,57,1

97712,1132,13

97494,350,6

97823,11,0

97873,11,0

97722,23,0

97041,277,1

97536,1684,6

97730,604,9

97538,267,3

97737,411,3

97636,37,0

97431,2392,27

97326,517,13

97352,810,15

97907,1917,38

97313,5858,108

97882,545,6

97010,9228,161

97370,654,15

97033,19,0

97122,70,0

97882,3372,44

97876,467,2

97827,44,2

97057,347,15

97075,5790,76

97823,1,0

97148,994,15

17303,1100,27

15095,14995,421

16250,655,20

15043,2246,140

15534,383,6

19516,9024,419

16682,1186,27

16945,656,14

18921,10053,626

16229,1623,27

15925,1035,7

15834,8,0

18210,574,29

16864,4070,16

19318,7986,378

16255,216,4

16834,451,7

17726,259,6

18631,1050,41

16420,478,3

17257,2396,79

17124,4688,194

19373,13269,808

15841,155,2

16501,2013,48

15415,1002,14

16370,19,1

17251,2115,54

17223,70,4

15351,227,1

16694,874,15

15741,1080,16

15763,180,4

17076,227,8

18517,3653,218

17537,9413,474

16143,849,34

17088,2897,66

18065,6496,365

18247,5195,197

17769,950,31

16727,129,2

16342,1015,25

17051,374,3

18352,2001,135

19450,13695,893

17884,295,10

18044,5304,311

17881,1503,111

17037,355,6

19172,43003,1876

18324,617,23

16943,49,1

18248,1925,86

17045,474,17

15502,398,3

17768,19,1

18843,399,28

16940,199,3

17880,700,11

16342,225,1

16420,63,1

15347,1881,34

18453,283,12

15674,4097,84

18630,114,8

17321,6315,201

00601,180,0

00602,430,0

00604,571,0

00703,367,0

00786,210,0

00610,274,0

00616,1080,0

00784,201,0

00650,312,0

00794,604,0

00958,4833,0

00680,504,0

00956,2166,0

00627,374,0

00987,926,0

00987,3997,0

00959,597,0

00739,491,0

00742,193,0

00638,332,0

00739,420,0

00705,392,0

00782,287,0

00794,870,0

00775,23,0

00692,1096,0

00740,721,0

00612,386,0

00647,154,0

00723,377,0

00656,248,0

00959,2248,0

00778,757,0

00612,418,0

00680,217,0

00792,775,0

00662,362,0

00664,284,0

00720,445,0

00778,575,0

00667,208,0

00631,435,0

00670,125,0

00771,682,0

00729,368,0

00773,322,0

00693,725,0

00606,94,0

00707,174,0

00680,995,0

00685,444,0

00720,604,0

00771,372,0

00719,805,0

00638,420,0

00723,200,0

00624,153,0

00716,1223,0

00662,268,0

00677,236,0

00745,840,0

00647,236,0

00704,543,0

00683,310,0

00916,10182,0

00778,711,0

00685,721,0

00751,229,0

00957,1692,0

00961,1929,0

00987,1514,0

00611,247,0

00693,969,0

00694,1205,0

00765,104,0

00720,214,0

00767,470,0

00653,555,0

02915,498,18

02825,2287,117

02835,631,8

02902,21543,930

02807,1235,75

29692,754,15

29842,4947,87

29846,425,6

29673,5622,203

29432,693,35

29826,869,25

29941,6123,91

29476,6078,93

29112,515,18

29457,17075,275

29743,1489,52

29055,1221,27

29709,1476,43

29560,1158,68

29493,1245,48

29532,2468,68

29571,1294,48

29448,4770,100

29832,909,21

29055,864,39

29583,5552,201

29510,2305,53

29612,17349,342

29666,2525,76

29916,760,31

29578,12318,227

29927,916,23

29130,2442,45

29067,2537,61

29692,1895,61

29550,782,36

29123,8844,205

29571,1140,40

29525,1127,13

29845,271,7

29127,1612,46

29675,2439,33

29116,3333,130

29634,4352,60

29216,17107,270

29666,717,22

29373,8868,222

29062,3523,88

29395,740,16

29560,1440,50

29743,6612,103

57368,165,0

57399,1210,13

57560,157,5

57376,773,1

57061,1390,4

57479,1960,4

57383,266,2

57341,235,4

57762,309,3

57632,74,0

57342,371,0

57258,100,0

57004,788,8

57245,1432,10

57639,170,1

57773,306,3

57359,863,9

57261,155,2

57218,177,0

57661,298,0

57342,160,4

57466,136,1

57763,192,6

57466,202,1

57259,290,2

57533,211,10

57553,87,1

57223,191,0

57345,118,1

57366,88,1

57776,46,0

57522,837,6

57366,215,2

57536,39,0

57547,113,1

57355,155,12

57562,31,0

57214,169,2

57050,352,8

57799,848,6

57001,2623,18

57365,251,5

57421,63,1

57332,223,1

57457,66,0

57741,906,10

57585,72,1

57321,137,1

57003,10492,106

57028,207,2

57706,4183,48

57649,74,0

57455,99,0

57260,333,4

57359,88,0

57258,259,1

57537,90,0

57522,41,0

57563,420,6

57541,259,2

57036,451,11

57001,725,11

57452,266,2

57067,792,5

57622,87,2

37831,1697,13

37360,1745,20

38380,421,9

37321,1026,4

37742,3374,36

37320,3619,23

37729,1035,12

37110,421,2

38342,1153,26

37687,1583,34

37080,1069,11

38044,733,14

37707,528,6

38573,406,15

37713,1080,14

37360,1923,25

38021,870,20

38555,1613,27

37235,33699,343

38544,737,17

38380,663,11

37101,1707,19

38259,2247,32

38066,1698,25

38554,918,11

37160,1302,20

38389,2172,44

38455,983,36

37881,612,4

37818,1812,52

37305,575,11

37890,2475,48

37424,12069,109

37881,121,3

38044,1905,33

38365,1404,20

37881,1226,25

38049,1297,28

38368,1421,26

38256,802,11

38461,810,15

37101,423,17

37101,458,4

38562,453,5

37820,1564,21

37691,1157,7

37998,13228,101

38079,987,3

38041,1441,17

38473,1645,20

38461,418,5

38453,917,3

37742,1643,11

37150,1348,25

38391,3814,79

37419,783,9

38451,1157,10

38461,3389,38

37826,1659,37

38044,1134,27

37826,329,6

37774,1472,28

42223,4240,57

37359,272,2

37770,443,7

38281,1795,22

38554,1229,17

37097,308,2

38573,274,8

37326,517,13

38544,4456,57

37321,1124,18

37830,1321,7

37080,2628,42

37132,12017,115

37892,386,5

37377,347,2

37820,3364,23

38113,36685,565

38548,994,13

37050,336,11

37699,3819,46

37119,6184,112

38053,2381,23

37087,1776,8

37643,433,3

37870,546,3

37110,208,1

37378,1449,10

37684,3569,51

38464,1604,7

38241,1573,26

38559,1194,14

37068,7187,56

37071,4731,59

75886,2946,39

79714,584,10

75969,2834,90

78358,348,18

76351,137,1

79094,24,1

78026,1284,35

78931,514,9

79371,280,5

78885,185,8

78653,1993,31

76380,43,2

78387,1853,39

76534,6327,100

78279,64779,1394

78606,159,6

79351,2,0

76637,405,11

75569,1788,78

77577,12271,182

77803,8581,67

79842,246,5

79255,22,1

78355,354,23

76432,1004,35

77863,461,6

78669,925,15

78655,1693,37

77978,929,9

79510,123,4

78568,24085,1079

75686,391,13

79039,53,0

75562,498,23

79085,301,7

77523,1556,20

75780,1633,36

79259,120,0

76261,107,2

79336,99,1

76949,109,5

76888,88,4

75491,17768,175

79095,21,0

77412,501,4

78606,3709,120

76432,354,5

76837,142,2

76272,539,9

76597,1970,13

79248,35,3

79766,74,3

76943,166,7

79357,115,6

79855,97,2

79051,362,10

75372,99174,1222

79351,820,17

78164,1078,44

79015,1328,25

75441,33,0

76272,16273,171

79243,51,2

78830,289,7

79240,85,1

78341,488,21

76454,251,6

79759,6246,117

78828,71,2

79949,40887,595

75101,4875,76

76402,1017,13

76656,666,5

75492,778,18

78945,521,22

79556,102,3

79221,126,9

79248,21,1

77477,17486,306

75478,216,7

75860,459,4

78005,1014,9

79342,511,11

77590,12404,169

79330,124,7

78618,361,10

79739,13,0

78164,157,6

78604,1112,20

79002,450,10

76245,2508,68

75693,3372,86

77876,1177,35

78655,3876,79

79250,2537,63

79259,45,1

76637,196,4

79040,193,6

79225,63,1

77656,1429,34

77572,159272,2783

75694,1069,38

79044,170,2

79533,80,3

78606,6353,86

79011,133,0

75156,1598,35

78565,35041,1924

76666,803,16

79353,632,14

76467,1167,38

75478,614,27

75835,419,13

79748,1192,21

79938,94,3

75404,1944,44

79007,326,7

76930,13,0

76458,151,3

77970,647,16

77612,515,34

79854,21,0

77703,8245,152

78361,168,6

78380,1590,52

76070,3588,65

79533,585,2

78062,951,17

75156,3499,56

78606,387,10

78338,11,2

79518,10,0

78003,697,13

76874,24,1

79248,1,0

78877,78,1

78379,1023,52

76363,113,9

78019,366,13

75446,1768,46

79371,507,24

76824,305,9

77964,1131,39

78945,239,14

77850,342,11

77368,2291,58

76678,673,16

79046,68,1

78022,381,10

76831,176,3

79452,17703,184

79383,165,5

77831,758,6

75668,170,14

79705,89,7

76820,80,2

77483,1095,53

78877,4182,146

76887,202,4

76654,9961,151

78026,24,1

78003,1274,48

76854,62,0

79711,5211,92

76534,545,7

76880,76,1

79565,179,2

76261,270,5

77393,13796,174

79013,1317,22

75668,217,5

79234,17,0

75978,1789,68

75155,1919,40

77612,188,13

79556,405,5

78409,21187,440

79093,302,5

79010,27,2

77626,2160,46

76450,700,17

75954,468,28

76008,2400,47

79053,570,18

79744,474,7

77399,1266,35

79104,7845,100

79846,128,7

75453,153,5

79094,5049,56

76932,92,6

78879,123,8

75559,196,17

79772,258,7

78377,309,16

79059,14,0

76687,420,4

75132,1899,32

76933,296,9

75658,995,23

75959,94,9

75961,269,15

77364,237,11

78387,1572,80

76877,117,1

76936,55,2

79527,1074,14

79533,39,0

75954,544,30

73960,77,1

75757,6383,134

76070,156,5

78361,3928,185

76450,160,4

76951,13,0

79540,19,1

76950,108,3

79094,146,3

76197,64290,814

79699,4387,69

78851,4,0

79316,505,8

76483,17,2

75456,1586,35

76958,4678,77

78710,31653,449

75845,206,7

77616,261,4

75693,484,13

79752,27,3

78801,833,36

78843,2489,125

75756,907,29

77903,4248,97

77334,3946,62

77446,971,17

79788,158,1

77834,700,48

78369,15145,353

77432,1426,58

79096,76,0

76311,3649,33

79225,336,3

78598,1228,55

78651,9608,152

78143,998,28

79745,140,4

76458,908,15

75444,633,39

79355,289,6

76389,535,8

78361,346,9

78829,538,18

84731,73,0

84334,927,6

84320,4077,10

84539,234,1

84023,1,0

84056,8172,41

84027,153,0

84513,106,3

84776,100,5

84540,132,1

84772,935,3

84645,258,4

84741,97,1

84644,266,0

84017,198,0

84740,29,0

84028,22,0

84114,45508,299

84536,804,30

84623,401,2

84724,284,1

84061,1365,1

84080,1385,2

84008,217,0

84633,28067,78

84049,1107,9

84737,4766,44

84773,18,0

84412,6304,33

05778,120,2

05776,137,1

05848,41,0

05407,966,39

05904,7,0

05470,135,7

05440,17,0

05662,63,1

05058,33,0

05875,33,0

05777,134,1

05678,125,2

05360,145,3

05009,119,2

00850,502,6

00830,67,1

00802,779,14

23341,1210,19

22924,1564,24

22311,4230,74

24426,113,4

23850,146,6

24526,573,5

24553,290,6

22241,4562,154

24431,659,8

24432,24,0

24526,1186,17

24318,70,5

24438,383,12

24209,263,7

23821,421,5

24627,258,2

24590,733,9

24416,121,1

23963,705,8

22538,414,6

24351,602,29

23140,100,5

23963,212,1

22905,1581,31

23464,4880,78

23297,7029,102

22646,117,1

23834,303,26

24426,35,0

24426,49,0

22737,1374,18

23139,117,2

24541,1173,42

24269,134,1

23841,513,12

23847,295,28

22504,195,2

20069,23462,606

22032,158,8

22040,75,7

20119,1084,27

24072,243,15

24590,425,9

24176,806,5

23851,490,13

22663,1158,13

22407,585,6

24333,443,30

24093,129,0

23178,345,3

23084,327,7

24378,374,19

22973,291,3

23879,893,14

24535,510,8

23667,2102,32

23069,1612,42

22807,3002,35

23238,6249,232

24089,1307,31

24484,10,0

23860,506,7

23866,858,26

23127,949,22

22526,270,5

23177,200,3

23161,85,2

22507,199,1

24244,473,9

24450,233,1

20131,7784,130

23024,393,8

23923,151,4

24551,1936,25

22973,130,3

20113,642,8

20108,2032,27

24112,479,24

23064,131,0

23915,869,35

23149,145,11

24060,2738,5

24553,136,2

23181,285,3

23628,3166,51

23508,5331,85

23486,319,31

22539,216,7

24273,49,0

23930,340,21

22960,402,5

22650,469,30

24380,319,27

23804,918,30

24549,1275,17

23662,97,2

23702,2819,69

23139,311,5

23958,746,13

23830,1075,6

20143,14015,223

24058,293,6

24132,925,1

22749,69,2

22520,379,5

23225,5285,76

24015,1468,14

24029,2695,37

24439,151,3

22853,1742,27

24646,472,8

24018,534,6

24244,352,6

22641,963,61

24374,617,25

23888,919,37

22565,2420,51

22134,2328,20

24401,383,3

23433,2284,78

23888,141,5

23884,640,13

24613,502,2

23457,7833,104

22663,572,20

24319,979,26

22952,385,4

22520,337,5

23187,215,8

22604,607,5

24216,609,10

24374,334,6

23090,637,9

99159,917,10

99403,230,8

99337,5393,137

98821,2331,20

98350,264,1

98661,4569,81

99143,14,1

98626,798,7

98813,1401,10

99160,34,0

99326,4942,68

99403,14,0

99116,3515,25

98587,709,11

98239,383,15

98358,86,0

98114,26540,828

98386,1477,23

98934,714,22

98670,208,3

98565,709,12

99013,76,2

98546,519,9

98829,1139,13

98577,117,3

99152,140,1

98431,11121,248

98221,32,0

98238,1242,24

98648,71,1

98256,9891,241

99039,9382,202

99040,249,5

98516,1767,31

98643,10,0

99362,1151,7

98226,1586,60

99102,1787,13

98933,12863,284

26238,175,1

25421,1534,17

25021,339,3

26615,62,0

26058,214,4

25774,1354,21

25268,34,0

25211,60,3

26339,70,1

25888,762,20

25267,64,0

26710,188,8

25972,181,4

26714,125,1

26034,214,1

26815,105,1

26404,644,12

25231,378,24

25423,567,4

25396,3564,101

26411,79,2

25506,236,2

25630,748,45

26560,371,5

26038,290,4

25239,174,6

24887,117,0

24724,704,30

26710,212,4

25621,564,10

26527,2290,5

24993,241,8

25427,141,0

26679,185,3

25003,514,8

26802,74,1

26146,25,3

26291,68,0

26705,199,4

25070,842,13

25921,761,8

26270,410,1

26138,36,0

25270,100,2

24943,103,1

26424,166,8

26292,63,0

26434,32,0

26237,243,2

25506,562,11

26298,29,0

26419,171,1

26138,45,0

26105,543,6

24834,251,5

54646,500,5

54861,280,3

54817,1094,6

54865,231,1

54344,14903,91

54755,261,3

54853,311,6

54952,2689,11

54774,1567,13

54405,894,18

53532,1808,5

54628,330,0

53702,14843,49

53065,4091,27

54246,810,5

54836,773,1

54764,1055,1

54755,3355,12

54103,222,7

54974,4425,19

54541,465,10

53806,1874,29

53550,943,5

53939,833,2

53544,484,1

54547,207,2

54466,471,1

53137,2706,10

54646,763,4

53192,5458,77

54201,1059,6

54614,4262,20

53541,524,1

54485,933,9

54532,793,8

53061,3016,12

54405,4828,55

54104,1766,11

53964,640,2

54150,288,0

53259,41747,576

54620,1104,4

54104,2151,15

54520,1228,13

54912,9350,63

53074,2360,24

54769,136,0

54769,911,7

54824,570,3

54977,2753,20

54556,371,1

53139,7720,109

53941,464,8

53534,5150,43

54817,214,1

53940,1706,7

54817,372,3

54929,2376,19

53040,4706,24

54020,1868,11

54422,485,7

54755,1011,2

54628,490,2

54557,563,5

53148,3632,38

54817,238,2

53040,4574,43

53187,12865,115

54926,2535,40

54963,988,5

54944,8995,57

54466,1728,10

82051,1371,4

82434,227,7

82718,897,3

82321,314,2

82229,294,0

82710,104,1

82515,1262,15

82218,155,3

82401,52,0

82639,98,2

82081,1487,6

83119,329,3

82639,1331,8

82242,11,0

82435,613,3

82210,126,2

82837,695,4

82922,160,1

82942,476,2

83025,756,1

82936,442,3

82401,145,7

82730,132,0
